q,R,avg_mse,seconds
1,2,0.613518,4.82507
1.00617,2.00855,0.613518,4.87076
0.821865,2.18042,0.618237,4.87058
0.01,5,9.50112,4.71674
5,0.01,1.9,4.76114
