method,section,fixed,argmin,cnis_min,mean_term,var_term
nis3,lockQ,Q=1.00000000,R*=2.04271357,0.00763541077,0.0068047163,0.0008306944701
nis3,lockR,R=2.00000000,Q*=1.01130653,0.00773940692,0.00726516095,0.0004742459704
