method,section,fixed,argmin,cnis_min,mean_term,var_term
nis4,lockQ,Q=1.00000000,R*=2.07788945,0.02871488528,0.02769221443,0.001022670859
nis4,lockR,R=2.00000000,Q*=1.09924623,0.02832706446,0.02823419811,9.286634974e-05
